,acid_alc,kingdom,count,total_count,percentage
0,ET,Bacillati,38444,134906,28.496879308555588
1,ET,Bamfordvirae,3,134906,0.0022237706254725513
2,ET,Fungi,21027,134906,15.586408313937111
3,ET,Heunggongvirae,2,134906,0.0014825137503150343
4,ET,Methanobacteriati,494,134906,0.3661808963278134
5,ET,Thermoproteati,51,134906,0.037804100633033376
6,ET,Metazoa,39038,134906,28.937185892399153
7,ET,Viridiplantae,22087,134906,16.37214060160408
8,ET,Pseudomonadati,11926,134906,8.840229493128549
9,ET,Nanobdellati,1,134906,0.0007412568751575171
10,ET,Thermotogati,138,134906,0.10229344877173735
11,DT,Fungi,31053,115358,26.91880927200541
12,DT,Metazoa,29908,115358,25.92624698763848
13,DT,Methanobacteriati,329,115358,0.28519911926351016
14,DT,Bamfordvirae,4,115358,0.0034674664956049865
15,DT,Pseudomonadati,5055,115358,4.382010783820801
16,DT,Thermotogati,56,115358,0.048544530938469804
17,DT,Bacillati,8395,115358,7.277345307650965
18,DT,Viridiplantae,38429,115358,33.312817489901
19,HT,Fungi,2545,5845,43.541488451668094
20,HT,Metazoa,1316,5845,22.51497005988024
21,HT,Pseudomonadati,232,5845,3.969204448246364
22,HT,Viridiplantae,566,5845,9.683490162532078
23,HT,Methanobacteriati,3,5845,0.05132591958939265
24,HT,Bacillati,1086,5845,18.579982891360135
25,DS,Viridiplantae,1509,4122,36.60844250363901
26,DS,Bacillati,211,4122,5.118874332848132
27,DS,Fungi,1337,4122,32.43571081999029
28,DS,Methanobacteriati,8,4122,0.19408054342552158
29,DS,Metazoa,829,4122,20.111596312469675
30,DS,Pseudomonadati,50,4122,1.21300339640951
31,ES,Viridiplantae,1584,3738,42.375601926163725
32,ES,Fungi,464,3738,12.413055109684324
33,ES,Bacillati,448,3738,11.985018726591761
34,ES,Methanobacteriati,5,3738,0.13376136971642588
35,ES,Metazoa,1072,3738,28.678437667201713
36,ES,Pseudomonadati,134,3738,3.584804708400214
37,DA,Fungi,1382,2031,68.04529788281634
38,DA,Bacillati,44,2031,2.166420482520926
39,DA,Viridiplantae,335,2031,16.494337764647955
40,DA,Pseudomonadati,4,2031,0.19694731659281145
41,DA,Metazoa,249,2031,12.259970457902511
42,VT,Thermoproteati,3,1938,0.15479876160990713
43,VT,Viridiplantae,148,1938,7.636738906088751
44,VT,Methanobacteriati,11,1938,0.5675954592363261
45,VT,Pseudomonadati,100,1938,5.159958720330237
46,VT,Thermotogati,3,1938,0.15479876160990713
47,VT,Bacillati,357,1938,18.421052631578945
48,VT,Metazoa,885,1938,45.6656346749226
49,VT,Fungi,405,1938,20.897832817337463
50,AT,Bacillati,115,1848,6.222943722943723
51,AT,Pseudomonadati,212,1848,11.471861471861471
52,AT,Methanobacteriati,5,1848,0.27056277056277056
53,AT,Viridiplantae,260,1848,14.06926406926407
54,AT,Metazoa,911,1848,49.29653679653679
55,AT,Fungi,329,1848,17.803030303030305
56,HS,Viridiplantae,39,1835,2.125340599455041
57,HS,Pseudomonadati,6,1835,0.32697547683923706
58,HS,Metazoa,19,1835,1.0354223433242506
59,HS,Fungi,1765,1835,96.18528610354224
60,HS,Bacillati,4,1835,0.21798365122615804
61,GT,Methanobacteriati,1,1808,0.05530973451327434
62,GT,Viridiplantae,649,1808,35.89601769911505
63,GT,Fungi,606,1808,33.517699115044245
64,GT,Pseudomonadati,56,1808,3.0973451327433628
65,GT,Metazoa,298,1808,16.48230088495575
66,GT,Bacillati,189,1808,10.45353982300885
67,EA,Metazoa,217,1744,12.442660550458715
68,EA,Methanobacteriati,2,1744,0.11467889908256881
69,EA,Pseudomonadati,419,1744,24.025229357798164
70,EA,Bacillati,819,1744,46.961009174311926
71,EA,Thermotogati,55,1744,3.153669724770642
72,EA,Viridiplantae,146,1744,8.371559633027523
73,EA,Fungi,72,1744,4.128440366972478
74,QT,Bacillati,191,1267,15.074980268350435
75,QT,Viridiplantae,685,1267,54.064719810576165
76,QT,Pseudomonadati,16,1267,1.2628255722178374
77,QT,Metazoa,285,1267,22.494080505130228
78,QT,Fungi,41,1267,3.235990528808208
79,ST,Bacillati,24,1038,2.312138728323699
80,ST,Metazoa,386,1038,37.1868978805395
81,ST,Viridiplantae,391,1038,37.66859344894027
82,ST,Pseudomonadati,33,1038,3.1791907514450863
83,ST,Methanobacteriati,3,1038,0.2890173410404624
84,ST,Fungi,195,1038,18.786127167630056
85,EP,Fungi,67,984,6.808943089430894
86,EP,Bacillati,137,984,13.922764227642276
87,EP,Metazoa,681,984,69.20731707317073
88,EP,Viridiplantae,68,984,6.910569105691057
89,EP,Pseudomonadati,28,984,2.8455284552845526
90,DN,Viridiplantae,648,966,67.08074534161491
91,DN,Pseudomonadati,15,966,1.5527950310559007
92,DN,Bacillati,160,966,16.563146997929607
93,DN,Metazoa,47,966,4.865424430641822
94,DN,Fungi,82,966,8.488612836438923
95,EN,Pseudomonadati,5,864,0.5787037037037037
96,EN,Bacillati,467,864,54.05092592592593
97,EN,Metazoa,112,864,12.962962962962962
98,EN,Viridiplantae,105,864,12.152777777777777
99,EN,Fungi,162,864,18.75
100,IT,Viridiplantae,37,740,5.0
101,IT,Pseudomonadati,27,740,3.6486486486486487
102,IT,Fungi,72,740,9.72972972972973
103,IT,Bacillati,472,740,63.78378378378379
104,IT,Methanobacteriati,64,740,8.64864864864865
105,IT,Metazoa,62,740,8.378378378378379
106,NT,Metazoa,135,738,18.29268292682927
107,NT,Pseudomonadati,2,738,0.27100271002710025
108,NT,Fungi,146,738,19.78319783197832
109,NT,Bacillati,28,738,3.7940379403794036
110,NT,Viridiplantae,425,738,57.58807588075881
111,TT,Methanobacteriati,1,567,0.1763668430335097
112,TT,Bacillati,76,567,13.403880070546737
113,TT,Fungi,161,567,28.39506172839506
114,TT,Pseudomonadati,33,567,5.82010582010582
115,TT,Metazoa,71,567,12.522045855379188
116,TT,Viridiplantae,207,567,36.507936507936506
117,GN,Viridiplantae,11,533,2.0637898686679175
118,GN,Fungi,3,533,0.5628517823639775
119,GN,Pseudomonadati,2,533,0.37523452157598497
120,GN,Metazoa,517,533,96.99812382739212
121,DP,Fungi,176,499,35.27054108216433
122,DP,Bacillati,29,499,5.811623246492986
123,DP,Viridiplantae,178,499,35.671342685370746
124,DP,Pseudomonadati,4,499,0.8016032064128256
125,DP,Metazoa,112,499,22.44488977955912
126,LT,Fungi,37,449,8.240534521158128
127,LT,Pseudomonadati,122,449,27.171492204899778
128,LT,Viridiplantae,56,449,12.47216035634744
129,LT,Bacillati,112,449,24.94432071269488
130,LT,Metazoa,118,449,26.280623608017816
131,EI,Viridiplantae,10,353,2.8328611898017
132,EI,Metazoa,328,353,92.91784702549575
133,EI,Fungi,12,353,3.39943342776204
134,EI,Bacillati,3,353,0.84985835694051
135,KT,Metazoa,63,327,19.26605504587156
136,KT,Fungi,20,327,6.116207951070336
137,KT,Methanobacteriati,2,327,0.6116207951070336
138,KT,Bacillati,162,327,49.54128440366973
139,KT,Viridiplantae,51,327,15.59633027522936
140,KT,Pseudomonadati,13,327,3.9755351681957185
141,AN,Bacillati,3,309,0.9708737864077669
142,AN,Metazoa,306,309,99.02912621359224
143,FT,Bacillati,9,290,3.103448275862069
144,FT,Fungi,7,290,2.413793103448276
145,FT,Viridiplantae,1,290,0.3448275862068966
146,FT,Pseudomonadati,1,290,0.3448275862068966
147,FT,Metazoa,272,290,93.79310344827586
148,YT,Metazoa,83,139,59.71223021582733
149,YT,Bacillati,3,139,2.158273381294964
150,YT,Fungi,7,139,5.0359712230215825
151,YT,Viridiplantae,45,139,32.37410071942446
152,YT,Pseudomonadati,1,139,0.7194244604316548
153,GS,Viridiplantae,59,138,42.7536231884058
154,GS,Bacillati,19,138,13.768115942028986
155,GS,Fungi,8,138,5.797101449275362
156,GS,Metazoa,12,138,8.695652173913043
157,GS,Pseudomonadati,40,138,28.985507246376812
158,VS,Viridiplantae,20,124,16.129032258064516
159,VS,Bacillati,17,124,13.709677419354838
160,VS,Fungi,5,124,4.032258064516129
161,VS,Pseudomonadati,1,124,0.8064516129032258
162,VS,Metazoa,81,124,65.32258064516128
163,DG,Viridiplantae,36,117,30.76923076923077
164,DG,Metazoa,21,117,17.94871794871795
165,DG,Bacillati,2,117,1.7094017094017095
166,DG,Fungi,58,117,49.572649572649574
167,QS,Viridiplantae,29,105,27.61904761904762
168,QS,Fungi,6,105,5.714285714285714
169,QS,Bacillati,6,105,5.714285714285714
170,QS,Pseudomonadati,28,105,26.666666666666668
171,QS,Metazoa,36,105,34.285714285714285
172,DL,Metazoa,19,103,18.446601941747574
173,DL,Fungi,6,103,5.825242718446602
174,DL,Viridiplantae,78,103,75.72815533980582
175,EG,Metazoa,54,94,57.446808510638306
176,EG,Viridiplantae,25,94,26.595744680851062
177,EG,Fungi,11,94,11.702127659574469
178,EG,Bacillati,4,94,4.25531914893617
179,HN,Bacillati,4,90,4.444444444444445
180,HN,Pseudomonadati,1,90,1.1111111111111112
181,HN,Viridiplantae,1,90,1.1111111111111112
182,HN,Metazoa,3,90,3.3333333333333335
183,HN,Fungi,80,90,88.88888888888889
184,DI,Viridiplantae,7,87,8.045977011494253
185,DI,Metazoa,16,87,18.39080459770115
186,DI,Bacillati,1,87,1.1494252873563218
187,DI,Fungi,63,87,72.41379310344827
188,MT,Fungi,18,66,27.27272727272727
189,MT,Bacillati,7,66,10.606060606060606
190,MT,Metazoa,19,66,28.78787878787879
191,MT,Viridiplantae,4,66,6.0606060606060606
192,MT,Pseudomonadati,15,66,22.727272727272727
193,NS,Pseudomonadati,1,55,1.8181818181818181
194,NS,Metazoa,8,55,14.545454545454545
195,NS,Viridiplantae,35,55,63.63636363636363
196,NS,Bacillati,1,55,1.8181818181818181
197,NS,Fungi,9,55,16.363636363636363
198,KS,Metazoa,1,53,1.8867924528301887
199,KS,Fungi,2,53,3.7735849056603774
200,KS,Bacillati,34,53,64.15094339622641
201,KS,Viridiplantae,16,53,30.18867924528302
202,EV,Bacillati,22,52,42.30769230769231
203,EV,Pseudomonadati,2,52,3.8461538461538463
204,EV,Viridiplantae,9,52,17.307692307692307
205,EV,Fungi,1,52,1.9230769230769231
206,EV,Metazoa,18,52,34.61538461538461
207,EM,Viridiplantae,7,50,14.000000000000002
208,EM,Pseudomonadati,1,50,2.0
209,EM,Metazoa,36,50,72.0
210,EM,Fungi,5,50,10.0
211,EM,Methanobacteriati,1,50,2.0
212,SS,Bacillati,4,49,8.16326530612245
213,SS,Viridiplantae,23,49,46.93877551020408
214,SS,Fungi,2,49,4.081632653061225
215,SS,Metazoa,13,49,26.53061224489796
216,SS,Pseudomonadati,6,49,12.244897959183673
217,AS,Viridiplantae,26,48,54.166666666666664
218,AS,Pseudomonadati,1,48,2.083333333333333
219,AS,Fungi,6,48,12.5
220,AS,Metazoa,6,48,12.5
221,AS,Bacillati,1,48,2.083333333333333
222,IS,Pseudomonadati,1,43,2.3255813953488373
223,IS,Metazoa,4,43,9.30232558139535
224,IS,Fungi,2,43,4.651162790697675
225,IS,Bacillati,23,43,53.48837209302325
226,IS,Viridiplantae,13,43,30.23255813953488
227,,Bacillati,2,38,5.263157894736842
228,,Fungi,3,38,7.894736842105263
229,,Viridiplantae,2,38,5.263157894736842
230,,Metazoa,28,38,73.68421052631578
231,LS,Bacillati,3,35,8.571428571428571
232,LS,Metazoa,24,35,68.57142857142857
233,LS,Pseudomonadati,1,35,2.857142857142857
234,LS,Viridiplantae,7,35,20.0
235,RT,Pseudomonadati,1,33,3.0303030303030303
236,RT,Viridiplantae,8,33,24.242424242424242
237,RT,Fungi,7,33,21.21212121212121
238,RT,Bacillati,8,33,24.242424242424242
239,RT,Metazoa,5,33,15.151515151515152
240,EQ,Metazoa,29,31,93.54838709677419
241,EQ,Fungi,1,31,3.225806451612903
242,EQ,Bacillati,1,31,3.225806451612903
243,IN,Metazoa,5,30,16.666666666666664
244,IN,Fungi,25,30,83.33333333333334
245,DV,Pseudomonadati,2,27,7.4074074074074066
246,DV,Metazoa,4,27,14.814814814814813
247,HA,Bacillati,10,27,37.03703703703704
248,HA,Fungi,7,27,25.925925925925924
249,HA,Metazoa,3,27,11.11111111111111
250,DV,Fungi,9,27,33.33333333333333
251,DV,Bacillati,3,27,11.11111111111111
252,DV,Viridiplantae,9,27,33.33333333333333
253,HA,Viridiplantae,7,27,25.925925925925924
254,TS,Fungi,1,25,4.0
255,TS,Pseudomonadati,2,25,8.0
256,TS,Metazoa,3,25,12.0
257,TS,Viridiplantae,18,25,72.0
258,TS,Bacillati,1,25,4.0
259,EK,Bacillati,1,20,5.0
260,EK,Fungi,4,20,20.0
261,EK,Metazoa,12,20,60.0
262,EK,Viridiplantae,2,20,10.0
263,VA,Metazoa,11,19,57.89473684210527
264,VA,Pseudomonadati,1,19,5.263157894736842
265,VN,Bacillati,1,19,5.263157894736842
266,VN,Viridiplantae,1,19,5.263157894736842
267,VN,Fungi,17,19,89.47368421052632
268,VA,Viridiplantae,1,19,5.263157894736842
269,VA,Bacillati,6,19,31.57894736842105
270,SN,Metazoa,10,17,58.82352941176471
271,EE,Metazoa,10,17,58.82352941176471
272,EE,Pseudomonadati,1,17,5.88235294117647
273,EE,Viridiplantae,2,17,11.76470588235294
274,GP,Viridiplantae,4,17,23.52941176470588
275,GP,Methanobacteriati,2,17,11.76470588235294
276,EE,Fungi,4,17,23.52941176470588
277,GP,Bacillati,2,17,11.76470588235294
278,SN,Fungi,7,17,41.17647058823529
279,GP,Metazoa,9,17,52.94117647058824
280,NN,Fungi,1,15,6.666666666666667
281,NN,Metazoa,3,15,20.0
282,NN,Bacillati,3,15,20.0
283,NN,Viridiplantae,6,15,40.0
284,TN,Fungi,8,15,53.333333333333336
285,TN,Metazoa,4,15,26.666666666666668
286,DQ,Metazoa,13,15,86.66666666666667
287,DQ,Viridiplantae,2,15,13.333333333333334
288,XT,Viridiplantae,1,13,7.6923076923076925
289,XT,Pseudomonadati,2,13,15.384615384615385
290,XT,Bacillati,4,13,30.76923076923077
291,XT,Metazoa,6,13,46.15384615384615
292,AA,Pseudomonadati,5,12,41.66666666666667
293,AA,Metazoa,3,12,25.0
294,AA,Fungi,2,12,16.666666666666664
295,GA,Viridiplantae,7,12,58.333333333333336
296,AA,Bacillati,1,12,8.333333333333332
297,GA,Fungi,2,12,16.666666666666664
298,GA,Bacillati,2,12,16.666666666666664
299,GA,Metazoa,1,12,8.333333333333332
300,SP,Metazoa,9,11,81.81818181818183
301,SP,Fungi,1,11,9.090909090909092
302,SP,Bacillati,1,11,9.090909090909092
303,QP,Pseudomonadati,1,11,9.090909090909092
304,QP,Metazoa,10,11,90.9090909090909
305,GG,Bacillati,5,11,45.45454545454545
306,GG,Pseudomonadati,1,11,9.090909090909092
307,GG,Fungi,5,11,45.45454545454545
308,YS,Fungi,2,10,20.0
309,YS,Metazoa,3,10,30.0
310,YS,Viridiplantae,5,10,50.0
311,DM,Viridiplantae,4,10,40.0
312,SA,Bacillati,5,10,50.0
313,DR,Fungi,1,10,10.0
314,DR,Metazoa,7,10,70.0
315,DR,Viridiplantae,2,10,20.0
316,DM,Metazoa,1,10,10.0
317,DM,Fungi,5,10,50.0
318,SA,Fungi,2,10,20.0
319,SA,Metazoa,2,10,20.0
320,SA,Pseudomonadati,1,10,10.0
321,EL,Fungi,3,9,33.33333333333333
322,EL,Bacillati,2,9,22.22222222222222
323,NG,Viridiplantae,8,9,88.88888888888889
324,NG,Fungi,1,9,11.11111111111111
325,EL,Viridiplantae,4,9,44.44444444444444
326,TA,Viridiplantae,2,8,25.0
327,HQ,Metazoa,1,8,12.5
328,HQ,Fungi,7,8,87.5
329,TA,Metazoa,3,8,37.5
330,TA,Fungi,1,8,12.5
331,YN,Viridiplantae,1,8,12.5
332,CT,Fungi,1,8,12.5
333,CT,Metazoa,5,8,62.5
334,TA,Bacillati,1,8,12.5
335,YN,Fungi,7,8,87.5
336,DK,Metazoa,1,8,12.5
337,DK,Fungi,3,8,37.5
338,CT,Viridiplantae,2,8,25.0
339,DK,Viridiplantae,3,8,37.5
340,PT,Pseudomonadati,1,8,12.5
341,PT,Bacillati,4,8,50.0
342,PT,Metazoa,2,8,25.0
343,NP,Viridiplantae,1,7,14.285714285714285
344,NP,Metazoa,6,7,85.71428571428571
345,MS,Viridiplantae,3,7,42.857142857142854
346,HP,Viridiplantae,1,7,14.285714285714285
347,HP,Metazoa,3,7,42.857142857142854
348,HP,Fungi,3,7,42.857142857142854
349,MS,Bacillati,3,7,42.857142857142854
350,MS,Metazoa,1,7,14.285714285714285
351,VP,Viridiplantae,2,6,33.33333333333333
352,HK,Fungi,5,6,83.33333333333334
353,HK,Metazoa,1,6,16.666666666666664
354,VP,Metazoa,4,6,66.66666666666666
355,QA,Metazoa,1,5,20.0
356,QA,Viridiplantae,3,5,60.0
357,KP,Metazoa,2,5,40.0
358,KP,Viridiplantae,3,5,60.0
359,QA,Bacillati,1,5,20.0
360,EF,Metazoa,2,5,40.0
361,EF,Viridiplantae,3,5,60.0
362,ER,Pseudomonadati,1,4,25.0
363,HV,Bacillati,1,4,25.0
364,DE,Metazoa,2,4,50.0
365,HV,Fungi,3,4,75.0
366,IP,Metazoa,2,4,50.0
367,QI,Metazoa,4,4,100.0
368,ER,Fungi,1,4,25.0
369,IP,Viridiplantae,2,4,50.0
370,DE,Fungi,2,4,50.0
371,LN,Bacillati,3,4,75.0
372,ER,Metazoa,2,4,50.0
373,LN,Viridiplantae,1,4,25.0
374,PA,Bacillati,3,3,100.0
375,QN,Bacillati,1,3,33.33333333333333
376,QN,Metazoa,2,3,66.66666666666666
377,RS,Bacillati,2,3,66.66666666666666
378,RS,Fungi,1,3,33.33333333333333
379,LK,Metazoa,2,3,66.66666666666666
380,LK,Fungi,1,3,33.33333333333333
381,RN,Metazoa,2,3,66.66666666666666
382,RN,Pseudomonadati,1,3,33.33333333333333
383,LA,Metazoa,2,3,66.66666666666666
384,TG,Metazoa,2,3,66.66666666666666
385,TG,Fungi,1,3,33.33333333333333
386,LA,Bacillati,1,3,33.33333333333333
387,TL,Metazoa,3,3,100.0
388,AP,Metazoa,2,3,66.66666666666666
389,TP,Metazoa,2,3,66.66666666666666
390,TP,Fungi,1,3,33.33333333333333
391,AP,Viridiplantae,1,3,33.33333333333333
392,DD,Fungi,1,2,50.0
393,FA,Metazoa,2,2,100.0
394,KI,Metazoa,2,2,100.0
395,KN,Pseudomonadati,1,2,50.0
396,KN,Metazoa,1,2,50.0
397,LE,Metazoa,2,2,100.0
398,SG,Viridiplantae,2,2,100.0
399,HG,Fungi,2,2,100.0
400,IA,Fungi,2,2,100.0
401,GM,Metazoa,2,2,100.0
402,ED,Bacillati,2,2,100.0
403,AR,Fungi,1,1,100.0
404,SQ,Viridiplantae,1,1,100.0
405,RP,Metazoa,1,1,100.0
406,VG,Viridiplantae,1,1,100.0
407,SI,Metazoa,1,1,100.0
408,DF,Viridiplantae,1,1,100.0
409,QF,Fungi,1,1,100.0
410,MP,Metazoa,1,1,100.0
411,MA,Viridiplantae,1,1,100.0
412,LP,Metazoa,1,1,100.0
413,YP,Viridiplantae,1,1,100.0
414,YQ,Fungi,1,1,100.0
415,HR,Metazoa,1,1,100.0
416,GI,Metazoa,1,1,100.0
417,PN,Fungi,1,1,100.0
418,AL,Bacillati,1,1,100.0
419,FN,Bacillati,1,1,100.0
420,EX,Bacillati,1,1,100.0
421,FS,Metazoa,1,1,100.0
422,EC,Bacillati,1,1,100.0
423,AF,Viridiplantae,1,1,100.0