acid_alc,Bacillati,Bamfordvirae,Fungi,Heunggongvirae,Metazoa,Methanobacteriati,Nanobdellati,Pseudomonadati,Thermoproteati,Thermotogati,Viridiplantae
AA,0.13048484073173852,0.0,0.2149162082640399,0.0,0.27401816553665087,0.0,0.0,0.38058078546757074,0.0,0.0,0.0
AF,0.0,0.0,0.0,0.0,0.0,0.0,0.0,0.0,0.0,0.0,1.0
AL,1.0,0.0,0.0,0.0,0.0,0.0,0.0,0.0,0.0,0.0,0.0
AN,0.018650088809946716,0.0,0.0,0.0,0.9813499111900533,0.0,0.0,0.0,0.0,0.0,0.0
AP,0.0,0.0,0.0,0.0,0.6764705882352942,0.0,0.0,0.0,0.0,0.0,0.32352941176470584
AR,0.0,0.0,1.0,0.0,0.0,0.0,0.0,0.0,0.0,0.0,0.0
AS,0.032729650085485285,0.0,0.1789773270497423,0.0,0.17455813378925483,0.0,0.0,0.030211984694294106,0.0,0.0,0.5835229043812233
AT,0.07615088406114544,0.0,0.19658411490215122,0.0,0.4306444515080181,0.0034929029457221776,0.0,0.13336671519666335,0.0,0.0,0.15976093138629974
CT,0.0,0.0,0.13641618497109828,0.0,0.6138728323699422,0.0,0.0,0.0,0.0,0.0,0.24971098265895955
DA,0.03106963755174938,0.0,0.5985855867334396,0.0,0.160088167308933,0.0,0.0,0.0028704175836528406,0.0,0.0,0.20738619082222515
DD,0.0,0.0,1.0,0.0,0.0,0.0,0.0,0.0,0.0,0.0,0.0
DE,0.0,0.0,0.5071428571428571,0.0,0.4928571428571429,0.0,0.0,0.0,0.0,0.0,0.0
DF,0.0,0.0,0.0,0.0,0.0,0.0,0.0,0.0,0.0,0.0,1.0
DG,0.02111479481236853,0.0,0.46795878584159845,0.0,0.19753841213087903,0.0,0.0,0.0,0.0,0.0,0.3133880072151539
DI,0.014866293393549973,0.0,0.6748258507683491,0.0,0.21329899216832568,0.0,0.0,0.0,0.0,0.0,0.09700886366977526
DK,0.0,0.0,0.43604651162790703,0.0,0.1453488372093023,0.0,0.0,0.0,0.0,0.0,0.4186046511627907
DL,0.0,0.0,0.07481655193282397,0.0,0.2203898429028923,0.0,0.0,0.0,0.0,0.0,0.7047936051642837
DM,0.0,0.0,0.5043457459532733,0.0,0.10270313372139384,0.0,0.0,0.0,0.0,0.0,0.3929511203253329
DN,0.20576965158214713,0.0,0.11240814151748495,0.0,0.06632741285903775,0.0,0.0,0.021750937654339924,0.0,0.0,0.5937438563869902
DP,0.06945732061478828,0.0,0.3420295540147514,0.0,0.2361917374752217,0.0,0.0,0.009872966518256856,0.0,0.0,0.34244842137698184
DQ,0.0,0.0,0.0,0.0,0.8594040968342644,0.0,0.0,0.0,0.0,0.0,0.1405959031657356
DR,0.0,0.0,0.10475034117363732,0.0,0.6930741751625592,0.0,0.0,0.0,0.0,0.0,0.2021754836638035
DS,0.06525714967582656,0.0,0.3301211195429826,0.0,0.22504625589148355,0.002588380958300646,0.0,0.016012343947057524,0.0,0.0,0.3609747499843491
DT,0.08684397093109383,4.438410185496624e-05,0.27156348646773665,0.0,0.263606102482192,0.0036401612132324376,0.0,0.05373687065181179,0.0,0.0006210440776346501,0.3199439800744436
DV,0.11596221611858298,0.0,0.3339012554570254,0.0,0.15067199509285273,0.0,0.0,0.07533599754642636,0.0,0.0,0.3241285357851124
EA,0.41867025711403305,0.0,0.05059230086132041,0.0,0.14198589492078315,0.001453574946743605,0.0,0.250042510005199,0.0,0.038822564202610446,0.09843289794931041
EC,1.0,0.0,0.0,0.0,0.0,0.0,0.0,0.0,0.0,0.0,0.0
ED,1.0,0.0,0.0,0.0,0.0,0.0,0.0,0.0,0.0,0.0,0.0
EE,0.0,0.0,0.24109594973033752,0.0,0.5806209798551706,0.0,0.0,0.059988328724373076,0.0,0.0,0.11829474169011885
EF,0.0,0.0,0.0,0.0,0.4035087719298246,0.0,0.0,0.0,0.0,0.0,0.5964912280701755
EG,0.047991901240809494,0.0,0.12812123634823247,0.0,0.5487799131969618,0.0,0.0,0.0,0.0,0.0,0.27510694921399614
EI,0.012940015259649615,0.0,0.050771587650708556,0.0,0.8941251409091227,0.0,0.0,0.0,0.0,0.0,0.04216325618051922
EK,0.05509918077877422,0.0,0.21586181111684388,0.0,0.6219891711627634,0.0,0.0,0.0,0.0,0.0,0.10704983694161849
EL,0.22565291010245245,0.0,0.33423067019359065,0.0,0.0,0.0,0.0,0.0,0.0,0.0,0.4401164197039569
EM,0.0,0.0,0.10861907304019662,0.0,0.7011548439008555,0.021723814608039325,0.0,0.021572954784372385,0.0,0.0,0.14692931366653625
EN,0.4892933482320122,0.0,0.21026082557402792,0.0,0.15108012364478338,0.0,0.0,0.007379225509243811,0.0,0.0,0.14198647703993267
EP,0.17220535925311573,0.0,0.08860891498356215,0.0,0.6116825491243998,0.0,0.0,0.03805192364277691,0.0,0.0,0.0894512529961454
EQ,0.03553933606774622,0.0,0.035298391416439465,0.0,0.9291622725158143,0.0,0.0,0.0,0.0,0.0,0.0
ER,0.0,0.0,0.2522902235045405,0.0,0.49907593304170933,0.0,0.0,0.2486338434537501,0.0,0.0,0.0
ES,0.1374509095045463,0.0,0.14178750565543244,0.0,0.2882970005280387,0.0017007285972929355,0.0,0.04414179032284291,0.0,0.0,0.38662206539184674
ET,0.27449120660184767,2.7510250903504e-05,0.1668676924567682,1.8339760309618302e-05,0.2777693445294601,0.004513362775067031,9.16954104205528e-06,0.10049113637641832,0.0004674598913155019,0.0012640597171190038,0.17408071809974876
EV,0.421065031304759,0.0,0.020143869528768604,0.0,0.34450775288571184,0.0,0.0,0.039738859778824166,0.0,0.0,0.1745444865019365
EX,1.0,0.0,0.0,0.0,0.0,0.0,0.0,0.0,0.0,0.0,0.0
FA,0.0,0.0,0.0,0.0,1.0,0.0,0.0,0.0,0.0,0.0,0.0
FN,1.0,0.0,0.0,0.0,0.0,0.0,0.0,0.0,0.0,0.0,0.0
FS,0.0,0.0,0.0,0.0,1.0,0.0,0.0,0.0,0.0,0.0,0.0
FT,0.04316654463104992,0.0,0.03357397915748327,0.0,0.9136514886069137,0.0,0.0,0.004811704867769767,0.0,0.0,0.004796282736783324
GA,0.16997852293187085,0.0,0.16900998433966646,0.0,0.08426492116935076,0.0,0.0,0.0,0.0,0.0,0.5767465715591118
GG,0.4556930068164606,0.0,0.45316839182024743,0.0,0.0,0.0,0.0,0.0911386013632921,0.0,0.0,0.0
GI,0.0,0.0,0.0,0.0,1.0,0.0,0.0,0.0,0.0,0.0,0.0
GM,0.0,0.0,0.0,0.0,1.0,0.0,0.0,0.0,0.0,0.0,0.0
GN,0.0,0.0,0.008747645610953496,0.0,0.9538627858095301,0.0,0.0,0.005812150185454154,0.0,0.0,0.031577418394062105
GP,0.11984324825183768,0.0,0.0,0.0,0.5268173637805718,0.11859488108254769,0.0,0.0,0.0,0.0,0.23474450688504286
GS,0.14468328853930437,0.0,0.06197976974176859,0.0,0.09190308113717312,0.0,0.0,0.2897246017766217,0.0,0.0,0.4117092588051322
GT,0.1188201526874579,0.0,0.3238661437524536,0.0,0.17884059485024945,0.0006808291077286297,0.0,0.037160989556628325,0.0,0.0,0.34063129004548215
HA,0.37052343750937816,0.0,0.2599738217278916,0.0,0.11194166912048038,0.0,0.0,0.0,0.0,0.0,0.2575610716422499
HG,0.0,0.0,1.0,0.0,0.0,0.0,0.0,0.0,0.0,0.0,0.0
HK,0.0,0.0,0.8326563769293257,0.0,0.16734362307067427,0.0,0.0,0.0,0.0,0.0,0.0
HN,0.05118256227386901,0.0,0.885272047648549,0.0,0.038157517790827655,0.0,0.0,0.01271917259694255,0.0,0.0,0.012668699689811826
HP,0.0,0.0,0.42972156994297217,0.0,0.4277088225427709,0.0,0.0,0.0,0.0,0.0,0.14256960751425696
HQ,0.0,0.0,0.8739884393063584,0.0,0.1260115606936416,0.0,0.0,0.0,0.0,0.0,0.0
HR,0.0,0.0,0.0,0.0,1.0,0.0,0.0,0.0,0.0,0.0,0.0
HS,0.003774403102250885,0.0,0.9366894678221266,0.0,0.017779338201784418,0.0,0.0,0.005641686958905346,0.0,0.0,0.03611510391493283
HT,0.2026478522495511,0.0,0.3963127705855277,0.0,0.23800704985470714,0.0006556368676179038,0.0,0.04890677072118686,0.0,0.0,0.11346991972140934
HV,0.25164835164835164,0.0,0.7483516483516484,0.0,0.0,0.0,0.0,0.0,0.0,0.0,0.0
IA,0.0,0.0,1.0,0.0,0.0,0.0,0.0,0.0,0.0,0.0,0.0
IN,0.0,0.0,0.8282828282828284,0.0,0.1717171717171717,0.0,0.0,0.0,0.0,0.0,0.0
IP,0.0,0.0,0.0,0.0,0.5010729613733906,0.0,0.0,0.0,0.0,0.0,0.4989270386266095
IS,0.5315244091774951,0.0,0.04794141729836231,0.0,0.09513666467768396,0.0,0.0,0.023830529066437404,0.0,0.0,0.301566979780021
IT,0.5770635188069273,0.0,0.11524855152182914,0.0,0.09986255451451692,0.10276254321198171,0.0,0.04456877578383236,0.0,0.0,0.060494056160912496
KI,0.0,0.0,0.0,0.0,1.0,0.0,0.0,0.0,0.0,0.0,0.0
KN,0.0,0.0,0.0,0.0,0.5010183299389002,0.0,0.0,0.49898167006109984,0.0,0.0,0.0
KP,0.0,0.0,0.0,0.0,0.40144230769230765,0.0,0.0,0.0,0.0,0.0,0.5985576923076924
KS,0.6355380267393387,0.0,0.03941636099342446,0.0,0.01967254183396953,0.0,0.0,0.0,0.0,0.0,0.3053730704332674
KT,0.49201052524442823,0.0,0.07072312656385452,0.0,0.21160170242148582,0.007190465851122203,0.0,0.046024051105831534,0.0,0.0,0.17245012881327762
LA,0.33461538461538465,0.0,0.0,0.0,0.6653846153846154,0.0,0.0,0.0,0.0,0.0,0.0
LE,0.0,0.0,0.0,0.0,1.0,0.0,0.0,0.0,0.0,0.0,0.0
LK,0.0,0.0,0.33460076045627374,0.0,0.6653992395437263,0.0,0.0,0.0,0.0,0.0,0.0
LN,0.7499999999999999,0.0,0.0,0.0,0.0,0.0,0.0,0.0,0.0,0.0,0.25
LP,0.0,0.0,0.0,0.0,1.0,0.0,0.0,0.0,0.0,0.0,0.0
LS,0.0883830319694021,0.0,0.0,0.0,0.6795938539268893,0.0,0.0,0.029357819725971863,0.0,0.0,0.2026652943777367
LT,0.25035040320055324,0.0,0.08858378608170916,0.0,0.26138579742142704,0.0,0.0,0.2687933956534358,0.0,0.0,0.13088661764287476
MA,0.0,0.0,0.0,0.0,0.0,0.0,0.0,0.0,0.0,0.0,1.0
MP,0.0,0.0,0.0,0.0,1.0,0.0,0.0,0.0,0.0,0.0,0.0
MS,0.42987111448066717,0.0,0.0,0.0,0.14329037149355572,0.0,0.0,0.0,0.0,0.0,0.4268385140257771
MT,0.11324735359710139,0.0,0.28533818261807875,0.0,0.29979590431966346,0.0,0.0,0.23741373553748812,0.0,0.0,0.06420482392766816
NG,0.0,0.0,0.1126228269085412,0.0,0.0,0.0,0.0,0.0,0.0,0.0,0.8873771730914589
NN,0.232715380933822,0.0,0.07757179364460734,0.0,0.23117166364736216,0.0,0.0,0.0,0.0,0.0,0.45854116177420845
NP,0.0,0.0,0.0,0.0,0.8565300285986653,0.0,0.0,0.0,0.0,0.0,0.1434699714013346
NS,0.019382254920913028,0.0,0.17179324885137023,0.0,0.15247373871118247,0.0,0.0,0.019204707547591685,0.0,0.0,0.6371460499689426
NT,0.04537264843573657,0.0,0.21751925389629692,0.0,0.20235390976473586,0.0,0.0,0.0032889524361179373,0.0,0.0,0.5314652354671129
PA,1.0,0.0,0.0,0.0,0.0,0.0,0.0,0.0,0.0,0.0,0.0
PN,0.0,0.0,1.0,0.0,0.0,0.0,0.0,0.0,0.0,0.0,0.0
PT,0.5715581764572465,0.0,0.0,0.0,0.28577908822862325,0.0,0.0,0.14266273531413018,0.0,0.0,0.0
QA,0.20126863763608244,0.0,0.0,0.0,0.20063070217606316,0.0,0.0,0.0,0.0,0.0,0.5981006601878545
QF,0.0,0.0,1.0,0.0,0.0,0.0,0.0,0.0,0.0,0.0,0.0
QI,0.0,0.0,0.0,0.0,1.0,0.0,0.0,0.0,0.0,0.0,0.0
QN,0.3343782654127482,0.0,0.0,0.0,0.6656217345872518,0.0,0.0,0.0,0.0,0.0,0.0
QP,0.0,0.0,0.0,0.0,0.908203125,0.0,0.0,0.091796875,0.0,0.0,0.0
QS,0.05924547532752998,0.0,0.05908832552560019,0.0,0.34009616371223317,0.0,0.0,0.2665540018154853,0.0,0.0,0.2750160336191515
QT,0.17715819312291106,0.0,0.04089881431672856,0.0,0.2526079308564196,0.0,0.0,0.016133281342741706,0.0,0.0,0.513201780361199
RN,0.0,0.0,0.0,0.0,0.6669999999999999,0.0,0.0,0.33299999999999996,0.0,0.0,0.0
RP,0.0,0.0,0.0,0.0,1.0,0.0,0.0,0.0,0.0,0.0,0.0
RS,0.6669970267591675,0.0,0.33300297324083256,0.0,0.0,0.0,0.0,0.0,0.0,0.0,0.0
RT,0.2768579241851557,0.0,0.24191092113233098,0.0,0.17279351509452212,0.0,0.0,0.03465591456044846,0.0,0.0,0.27378172502754283
SA,0.5001428944324838,0.0,0.2003450097985662,0.0,0.19977013172166935,0.0,0.0,0.09974196404728045,0.0,0.0,0.0
SG,0.0,0.0,0.0,0.0,0.0,0.0,0.0,0.0,0.0,0.0,1.0
SI,0.0,0.0,0.0,0.0,1.0,0.0,0.0,0.0,0.0,0.0,0.0
SN,0.0,0.0,0.41344895287958117,0.0,0.5865510471204188,0.0,0.0,0.0,0.0,0.0,0.0
SP,0.09218803135066721,0.0,0.09192871199384395,0.0,0.8158832566554888,0.0,0.0,0.0,0.0,0.0,0.0
SQ,0.0,0.0,0.0,0.0,0.0,0.0,0.0,0.0,0.0,0.0,1.0
SS,0.08523866947180801,0.0,0.042619334735904006,0.0,0.27235468514111416,0.0,0.0,0.12652267257107794,0.0,0.0,0.47326463808009583
ST,0.027271043008373904,0.0,0.2019193476078351,0.0,0.3636998048372578,0.003437900356546568,0.0,0.037142354911140235,0.0,0.0,0.3665295492788464
TA,0.1437982266019234,0.0,0.14340852951086128,0.0,0.4279063131227047,0.0,0.0,0.0,0.0,0.0,0.28488693076451044
TG,0.0,0.0,0.3342342342342342,0.0,0.6657657657657658,0.0,0.0,0.0,0.0,0.0,0.0
TL,0.0,0.0,0.0,0.0,1.0,0.0,0.0,0.0,0.0,0.0,0.0
TN,0.0,0.0,0.6660839160839161,0.0,0.33391608391608396,0.0,0.0,0.0,0.0,0.0,0.0
TP,0.0,0.0,0.3342222222222222,0.0,0.6657777777777778,0.0,0.0,0.0,0.0,0.0,0.0
TS,0.04099372762485158,0.0,0.04088820966442726,0.0,0.12203638505477583,0.0,0.0,0.08125355219759586,0.0,0.0,0.7148281254583495
TT,0.1456986432989962,0.0,0.29061706163387674,0.0,0.13621036056264962,0.0020163214939115637,0.0,0.06488366217679281,0.0,0.0,0.360573950833773
VA,0.3173912513518042,0.0,0.0,0.0,0.5768114978904935,0.0,0.0,0.05296508093837236,0.0,0.0,0.05283216981933001
VG,0.0,0.0,0.0,0.0,0.0,0.0,0.0,0.0,0.0,0.0,1.0
VN,0.05370164158195339,0.0,0.892863557291159,0.0,0.0,0.0,0.0,0.0,0.0,0.0,0.05343480112688778
VP,0.0,0.0,0.0,0.0,0.6666666666666667,0.0,0.0,0.0,0.0,0.0,0.33333333333333337
VS,0.14367357344765155,0.0,0.04271525151627257,0.0,0.6380120827476535,0.0,0.0,0.008543050303254513,0.0,0.0,0.1670560419851678
VT,0.19870997648653113,0.0,0.22184452385131062,0.0,0.42036679172421465,0.006878058729235834,0.0,0.06052920093806547,0.0018785607020785507,0.0018771964604648408,0.08791569110809898
XT,0.3085707501443889,0.0,0.0,0.0,0.4606467881033777,0.0,0.0,0.15391627130407914,0.0,0.0,0.07686619044815422
YN,0.0,0.0,0.8744769874476988,0.0,0.0,0.0,0.0,0.0,0.0,0.0,0.12552301255230125
YP,0.0,0.0,0.0,0.0,0.0,0.0,0.0,0.0,0.0,0.0,1.0
YQ,0.0,0.0,1.0,0.0,0.0,0.0,0.0,0.0,0.0,0.0,0.0
YS,0.0,0.0,0.20103923250169878,0.0,0.300492013202716,0.0,0.0,0.0,0.0,0.0,0.4984687542955852
YT,0.023037129132422424,0.0,0.05342653351987329,0.0,0.587089879608523,0.0,0.0,0.007647859112997089,0.0,0.0,0.3287985986261843
