acid,alc,count
A,T,411
A,N,4
A,S,2
A,G,1
A,P,1
D,T,14295
D,S,576
D,A,332
D,N,276
D,P,62
D,L,27
D,G,20
D,V,6
D,X,3
D,I,2
E,T,18922
E,S,670
E,A,248
E,N,246
E,P,199
E,I,121
E,V,14
E,Q,13
E,G,6
E,F,2
E,M,2
E,K,1
E,R,1
F,T,51
G,T,226
G,S,20
G,P,8
G,N,7
G,G,2
G,I,1
H,T,875
H,S,374
H,N,33
H,A,3
I,T,127
I,S,13
K,T,63
K,S,9
K,I,2
L,T,39
L,S,13
L,L,1
L,N,1
M,T,36
M,S,2
N,T,120
N,A,13
N,S,6
N,G,5
N,P,4
N,N,1
Q,T,194
Q,P,6
Q,I,3
Q,N,3
Q,S,3
R,T,4
S,T,131
S,S,6
S,P,1
T,T,93
T,P,2
T,S,2
T,L,1
V,T,496
V,S,43
V,P,2
V,A,1
X,T,2
Y,T,5
Y,S,3
