,acid_alc,kingdom,count,total_count
1,AA,Bacillati,1,12
2,AA,Fungi,2,12
3,AA,Metazoa,3,12
4,AA,Pseudomonadati,5,12
5,AF,Viridiplantae,1,1
6,AL,Bacillati,1,1
7,AN,Bacillati,3,309
8,AN,Metazoa,306,309
9,AP,Metazoa,2,3
10,AP,Viridiplantae,1,3
11,AR,Fungi,1,1
12,AS,Bacillati,1,48
13,AS,Fungi,6,48
14,AS,Metazoa,6,48
15,AS,Pseudomonadati,1,48
16,AS,Viridiplantae,26,48
17,AT,Bacillati,115,1848
18,AT,Fungi,329,1848
19,AT,Metazoa,911,1848
20,AT,Methanobacteriati,5,1848
21,AT,Pseudomonadati,212,1848
22,AT,Viridiplantae,260,1848
23,CT,Fungi,1,8
24,CT,Metazoa,5,8
25,CT,Viridiplantae,2,8
26,DA,Bacillati,44,2031
27,DA,Fungi,1382,2031
28,DA,Metazoa,249,2031
29,DA,Pseudomonadati,4,2031
30,DA,Viridiplantae,335,2031
31,DD,Fungi,1,2
32,DE,Fungi,2,4
33,DE,Metazoa,2,4
34,DF,Viridiplantae,1,1
35,DG,Bacillati,2,117
36,DG,Fungi,58,117
37,DG,Metazoa,21,117
38,DG,Viridiplantae,36,117
39,DI,Bacillati,1,87
40,DI,Fungi,63,87
41,DI,Metazoa,16,87
42,DI,Viridiplantae,7,87
43,DK,Fungi,3,8
44,DK,Metazoa,1,8
45,DK,Viridiplantae,3,8
46,DL,Fungi,6,103
47,DL,Metazoa,19,103
48,DL,Viridiplantae,78,103
49,DM,Fungi,5,10
50,DM,Metazoa,1,10
51,DM,Viridiplantae,4,10
52,DN,Bacillati,160,966
53,DN,Fungi,82,966
54,DN,Metazoa,47,966
55,DN,Pseudomonadati,15,966
56,DN,Viridiplantae,648,966
57,DP,Bacillati,29,499
58,DP,Fungi,176,499
59,DP,Metazoa,112,499
60,DP,Pseudomonadati,4,499
61,DP,Viridiplantae,178,499
62,DQ,Metazoa,13,15
63,DQ,Viridiplantae,2,15
64,DR,Fungi,1,10
65,DR,Metazoa,7,10
66,DR,Viridiplantae,2,10
67,DS,Bacillati,211,4122
68,DS,Fungi,1337,4122
69,DS,Metazoa,829,4122
70,DS,Methanobacteriati,8,4122
71,DS,Pseudomonadati,50,4122
72,DS,Viridiplantae,1509,4122
73,DT,Bacillati,8395,115358
74,DT,Bamfordvirae,4,115358
75,DT,Fungi,31053,115358
76,DT,Metazoa,29908,115358
77,DT,Methanobacteriati,329,115358
78,DT,Pseudomonadati,5055,115358
79,DT,Thermotogati,56,115358
80,DT,Viridiplantae,38429,115358
81,DV,Bacillati,3,27
82,DV,Fungi,9,27
83,DV,Metazoa,4,27
84,DV,Pseudomonadati,2,27
85,DV,Viridiplantae,9,27
86,EA,Bacillati,819,1744
87,EA,Fungi,72,1744
88,EA,Metazoa,217,1744
89,EA,Methanobacteriati,2,1744
90,EA,Pseudomonadati,419,1744
91,EA,Thermotogati,55,1744
92,EA,Viridiplantae,146,1744
93,EC,Bacillati,1,1
94,ED,Bacillati,2,2
95,EE,Fungi,4,17
96,EE,Metazoa,10,17
97,EE,Pseudomonadati,1,17
98,EE,Viridiplantae,2,17
99,EF,Metazoa,2,5
100,EF,Viridiplantae,3,5
101,EG,Bacillati,4,94
102,EG,Fungi,11,94
103,EG,Metazoa,54,94
104,EG,Viridiplantae,25,94
105,EI,Bacillati,3,353
106,EI,Fungi,12,353
107,EI,Metazoa,328,353
108,EI,Viridiplantae,10,353
109,EK,Bacillati,1,20
110,EK,Fungi,4,20
111,EK,Metazoa,12,20
112,EK,Viridiplantae,2,20
113,EL,Bacillati,2,9
114,EL,Fungi,3,9
115,EL,Viridiplantae,4,9
116,EM,Fungi,5,50
117,EM,Metazoa,36,50
118,EM,Methanobacteriati,1,50
119,EM,Pseudomonadati,1,50
120,EM,Viridiplantae,7,50
121,EN,Bacillati,467,864
122,EN,Fungi,162,864
123,EN,Metazoa,112,864
124,EN,Pseudomonadati,5,864
125,EN,Viridiplantae,105,864
126,EP,Bacillati,137,984
127,EP,Fungi,67,984
128,EP,Metazoa,681,984
129,EP,Pseudomonadati,28,984
130,EP,Viridiplantae,68,984
131,EQ,Bacillati,1,31
132,EQ,Fungi,1,31
133,EQ,Metazoa,29,31
134,ER,Fungi,1,4
135,ER,Metazoa,2,4
136,ER,Pseudomonadati,1,4
137,ES,Bacillati,448,3738
138,ES,Fungi,464,3738
139,ES,Metazoa,1072,3738
140,ES,Methanobacteriati,5,3738
141,ES,Pseudomonadati,134,3738
142,ES,Viridiplantae,1584,3738
143,ET,Bacillati,38444,134906
144,ET,Bamfordvirae,3,134906
145,ET,Fungi,21027,134906
146,ET,Heunggongvirae,2,134906
147,ET,Metazoa,39038,134906
148,ET,Methanobacteriati,494,134906
149,ET,Nanobdellati,1,134906
150,ET,Pseudomonadati,11926,134906
151,ET,Thermoproteati,51,134906
152,ET,Thermotogati,138,134906
153,ET,Viridiplantae,22087,134906
154,EV,Bacillati,22,52
155,EV,Fungi,1,52
156,EV,Metazoa,18,52
157,EV,Pseudomonadati,2,52
158,EV,Viridiplantae,9,52
159,EX,Bacillati,1,1
160,FA,Metazoa,2,2
161,FN,Bacillati,1,1
162,FS,Metazoa,1,1
163,FT,Bacillati,9,290
164,FT,Fungi,7,290
165,FT,Metazoa,272,290
166,FT,Pseudomonadati,1,290
167,FT,Viridiplantae,1,290
168,GA,Bacillati,2,12
169,GA,Fungi,2,12
170,GA,Metazoa,1,12
171,GA,Viridiplantae,7,12
172,GG,Bacillati,5,11
173,GG,Fungi,5,11
174,GG,Pseudomonadati,1,11
175,GI,Metazoa,1,1
176,GM,Metazoa,2,2
177,GN,Fungi,3,533
178,GN,Metazoa,517,533
179,GN,Pseudomonadati,2,533
180,GN,Viridiplantae,11,533
181,GP,Bacillati,2,17
182,GP,Metazoa,9,17
183,GP,Methanobacteriati,2,17
184,GP,Viridiplantae,4,17
185,GS,Bacillati,19,138
186,GS,Fungi,8,138
187,GS,Metazoa,12,138
188,GS,Pseudomonadati,40,138
189,GS,Viridiplantae,59,138
190,GT,Bacillati,189,1808
191,GT,Fungi,606,1808
192,GT,Metazoa,298,1808
193,GT,Methanobacteriati,1,1808
194,GT,Pseudomonadati,56,1808
195,GT,Viridiplantae,649,1808
196,HA,Bacillati,10,27
197,HA,Fungi,7,27
198,HA,Metazoa,3,27
199,HA,Viridiplantae,7,27
200,HG,Fungi,2,2
201,HK,Fungi,5,6
202,HK,Metazoa,1,6
203,HN,Bacillati,4,90
204,HN,Fungi,80,90
205,HN,Metazoa,3,90
206,HN,Pseudomonadati,1,90
207,HN,Viridiplantae,1,90
208,HP,Fungi,3,7
209,HP,Metazoa,3,7
210,HP,Viridiplantae,1,7
211,HQ,Fungi,7,8
212,HQ,Metazoa,1,8
213,HR,Metazoa,1,1
214,HS,Bacillati,4,1835
215,HS,Fungi,1765,1835
216,HS,Metazoa,19,1835
217,HS,Pseudomonadati,6,1835
218,HS,Viridiplantae,39,1835
219,HT,Bacillati,1086,5845
220,HT,Fungi,2545,5845
221,HT,Metazoa,1316,5845
222,HT,Methanobacteriati,3,5845
223,HT,Pseudomonadati,232,5845
224,HT,Viridiplantae,566,5845
225,HV,Bacillati,1,4
226,HV,Fungi,3,4
227,IA,Fungi,2,2
228,IN,Fungi,25,30
229,IN,Metazoa,5,30
230,IP,Metazoa,2,4
231,IP,Viridiplantae,2,4
232,IS,Bacillati,23,43
233,IS,Fungi,2,43
234,IS,Metazoa,4,43
235,IS,Pseudomonadati,1,43
236,IS,Viridiplantae,13,43
237,IT,Bacillati,472,740
238,IT,Fungi,72,740
239,IT,Metazoa,62,740
240,IT,Methanobacteriati,64,740
241,IT,Pseudomonadati,27,740
242,IT,Viridiplantae,37,740
243,KI,Metazoa,2,2
244,KN,Metazoa,1,2
245,KN,Pseudomonadati,1,2
246,KP,Metazoa,2,5
247,KP,Viridiplantae,3,5
248,KS,Bacillati,34,53
249,KS,Fungi,2,53
250,KS,Metazoa,1,53
251,KS,Viridiplantae,16,53
252,KT,Bacillati,162,327
253,KT,Fungi,20,327
254,KT,Metazoa,63,327
255,KT,Methanobacteriati,2,327
256,KT,Pseudomonadati,13,327
257,KT,Viridiplantae,51,327
258,LA,Bacillati,1,3
259,LA,Metazoa,2,3
260,LE,Metazoa,2,2
261,LK,Fungi,1,3
262,LK,Metazoa,2,3
263,LN,Bacillati,3,4
264,LN,Viridiplantae,1,4
265,LP,Metazoa,1,1
266,LS,Bacillati,3,35
267,LS,Metazoa,24,35
268,LS,Pseudomonadati,1,35
269,LS,Viridiplantae,7,35
270,LT,Bacillati,112,449
271,LT,Fungi,37,449
272,LT,Metazoa,118,449
273,LT,Pseudomonadati,122,449
274,LT,Viridiplantae,56,449
275,MA,Viridiplantae,1,1
276,MP,Metazoa,1,1
277,MS,Bacillati,3,7
278,MS,Metazoa,1,7
279,MS,Viridiplantae,3,7
280,MT,Bacillati,7,66
281,MT,Fungi,18,66
282,MT,Metazoa,19,66
283,MT,Pseudomonadati,15,66
284,MT,Viridiplantae,4,66
285,NA,Bacillati,2,38
286,NA,Fungi,3,38
287,NA,Metazoa,28,38
288,NA,Viridiplantae,2,38
289,NG,Fungi,1,9
290,NG,Viridiplantae,8,9
291,NN,Bacillati,3,15
292,NN,Fungi,1,15
293,NN,Metazoa,3,15
294,NN,Viridiplantae,6,15
295,NP,Metazoa,6,7
296,NP,Viridiplantae,1,7
297,NS,Bacillati,1,55
298,NS,Fungi,9,55
299,NS,Metazoa,8,55
300,NS,Pseudomonadati,1,55
301,NS,Viridiplantae,35,55
302,NT,Bacillati,28,738
303,NT,Fungi,146,738
304,NT,Metazoa,135,738
305,NT,Pseudomonadati,2,738
306,NT,Viridiplantae,425,738
307,PA,Bacillati,3,3
308,PN,Fungi,1,1
309,PT,Bacillati,4,8
310,PT,Metazoa,2,8
311,PT,Pseudomonadati,1,8
312,QA,Bacillati,1,5
313,QA,Metazoa,1,5
314,QA,Viridiplantae,3,5
315,QF,Fungi,1,1
316,QI,Metazoa,4,4
317,QN,Bacillati,1,3
318,QN,Metazoa,2,3
319,QP,Metazoa,10,11
320,QP,Pseudomonadati,1,11
321,QS,Bacillati,6,105
322,QS,Fungi,6,105
323,QS,Metazoa,36,105
324,QS,Pseudomonadati,28,105
325,QS,Viridiplantae,29,105
326,QT,Bacillati,191,1267
327,QT,Fungi,41,1267
328,QT,Metazoa,285,1267
329,QT,Pseudomonadati,16,1267
330,QT,Viridiplantae,685,1267
331,RN,Metazoa,2,3
332,RN,Pseudomonadati,1,3
333,RP,Metazoa,1,1
334,RS,Bacillati,2,3
335,RS,Fungi,1,3
336,RT,Bacillati,8,33
337,RT,Fungi,7,33
338,RT,Metazoa,5,33
339,RT,Pseudomonadati,1,33
340,RT,Viridiplantae,8,33
341,SA,Bacillati,5,10
342,SA,Fungi,2,10
343,SA,Metazoa,2,10
344,SA,Pseudomonadati,1,10
345,SG,Viridiplantae,2,2
346,SI,Metazoa,1,1
347,SN,Fungi,7,17
348,SN,Metazoa,10,17
349,SP,Bacillati,1,11
350,SP,Fungi,1,11
351,SP,Metazoa,9,11
352,SQ,Viridiplantae,1,1
353,SS,Bacillati,4,49
354,SS,Fungi,2,49
355,SS,Metazoa,13,49
356,SS,Pseudomonadati,6,49
357,SS,Viridiplantae,23,49
358,ST,Bacillati,24,1038
359,ST,Fungi,195,1038
360,ST,Metazoa,386,1038
361,ST,Methanobacteriati,3,1038
362,ST,Pseudomonadati,33,1038
363,ST,Viridiplantae,391,1038
364,TA,Bacillati,1,8
365,TA,Fungi,1,8
366,TA,Metazoa,3,8
367,TA,Viridiplantae,2,8
368,TG,Fungi,1,3
369,TG,Metazoa,2,3
370,TL,Metazoa,3,3
371,TN,Fungi,8,15
372,TN,Metazoa,4,15
373,TP,Fungi,1,3
374,TP,Metazoa,2,3
375,TS,Bacillati,1,25
376,TS,Fungi,1,25
377,TS,Metazoa,3,25
378,TS,Pseudomonadati,2,25
379,TS,Viridiplantae,18,25
380,TT,Bacillati,76,567
381,TT,Fungi,161,567
382,TT,Metazoa,71,567
383,TT,Methanobacteriati,1,567
384,TT,Pseudomonadati,33,567
385,TT,Viridiplantae,207,567
386,VA,Bacillati,6,19
387,VA,Metazoa,11,19
388,VA,Pseudomonadati,1,19
389,VA,Viridiplantae,1,19
390,VG,Viridiplantae,1,1
391,VN,Bacillati,1,19
392,VN,Fungi,17,19
393,VN,Viridiplantae,1,19
394,VP,Metazoa,4,6
395,VP,Viridiplantae,2,6
396,VS,Bacillati,17,124
397,VS,Fungi,5,124
398,VS,Metazoa,81,124
399,VS,Pseudomonadati,1,124
400,VS,Viridiplantae,20,124
401,VT,Bacillati,357,1938
402,VT,Fungi,405,1938
403,VT,Metazoa,885,1938
404,VT,Methanobacteriati,11,1938
405,VT,Pseudomonadati,100,1938
406,VT,Thermoproteati,3,1938
407,VT,Thermotogati,3,1938
408,VT,Viridiplantae,148,1938
409,XT,Bacillati,4,13
410,XT,Metazoa,6,13
411,XT,Pseudomonadati,2,13
412,XT,Viridiplantae,1,13
413,YN,Fungi,7,8
414,YN,Viridiplantae,1,8
415,YP,Viridiplantae,1,1
416,YQ,Fungi,1,1
417,YS,Fungi,2,10
418,YS,Metazoa,3,10
419,YS,Viridiplantae,5,10
420,YT,Bacillati,3,139
421,YT,Fungi,7,139
422,YT,Metazoa,83,139
423,YT,Pseudomonadati,1,139
424,YT,Viridiplantae,45,139
