"0","analysed_data <- grouped_data %>%"
"0","    mutate(position1_groups = case_when("
"0","    acid %in% c(""E"", ""D"") ~ ""acid"","
"0","    acid %in% c(""R"", ""H"", ""K"") ~ ""charged"","
"0","    acid %in% c(""S"", ""T"") ~ ""alcohol"","
"0","    acid %in% c(""N"", ""Q"") ~ ""amide"","
"0","    acid %in% c(""V"", ""A"", ""G"", ""I"", ""L"", ""F"") ~ ""aliphatic"","
"0","    acid %in% c(""C"", ""Y"", ""W"", ""P"", ""M"") ~ ""special"","
"0","  )) %>%"
"0","    mutate(position2_groups = case_when("
"0","    alc %in% c(""E"", ""D"") ~ ""acid"","
"0","    alc %in% c(""R"", ""H"", ""K"") ~ ""charged"","
"0","    alc %in% c(""S"", ""T"") ~ ""alcohol"","
"0","    alc %in% c(""N"", ""Q"") ~ ""amide"","
"0","    alc %in% c(""V"", ""A"", ""G"", ""I"", ""L"", ""F"") ~ ""aliphatic"","
"0","    alc %in% c(""C"", ""Y"", ""W"", ""P"", ""M"") ~ ""special"","
"0","  ))"
